txn_date,software_product,active_merchant,new_merchant
2025-06-30,Retail,207798,122
2025-06-30,Booking,13022,19
2025-06-30,FNB,67978,57
2025-06-29,Booking,13014,14
2025-06-29,Retail,208129,203
2025-06-29,FNB,67907,115
2025-06-28,Booking,13017,22
2025-06-28,Retail,208209,255
2025-06-28,FNB,67837,134
2025-06-27,Booking,13001,33
2025-06-27,Retail,208259,270
2025-06-27,FNB,67765,117
2025-06-26,FNB,67747,131
2025-06-26,Retail,208301,263
2025-06-26,Booking,13007,28
2025-06-25,Retail,208115,251
2025-06-25,Booking,13010,28
2025-06-25,FNB,67727,143
2025-06-24,FNB,67685,126
2025-06-24,Retail,207836,241
2025-06-24,Booking,12991,38
2025-06-23,Booking,12969,12
2025-06-23,Retail,207626,74
2025-06-23,FNB,67710,41
2025-06-22,Retail,207723,110
2025-06-22,Booking,12962,21
2025-06-22,FNB,67634,34
2025-06-21,Booking,12950,9
2025-06-21,Retail,207785,77
2025-06-21,FNB,67455,40
2025-06-20,Retail,207910,38
2025-06-20,Booking,12928,3
2025-06-20,FNB,67326,24
2025-06-19,Retail,208263,229
2025-06-19,FNB,67183,129
2025-06-19,Booking,12928,33
2025-06-18,Retail,208571,595
2025-06-18,Booking,12928,81
2025-06-18,FNB,67013,385
2025-06-17,FNB,66856,323
2025-06-17,Retail,208406,445
2025-06-17,Booking,12922,58
2025-06-16,Retail,208225,182
2025-06-16,FNB,66702,144
2025-06-16,Booking,12914,17
2025-06-15,Retail,208411,265
2025-06-15,Booking,12909,29
2025-06-15,FNB,66576,256
2025-06-14,Retail,208471,370
2025-06-14,FNB,66485,258
2025-06-14,Booking,12910,33
2025-06-13,Booking,12886,38
2025-06-13,Retail,208517,373
2025-06-13,FNB,66444,232
2025-06-12,FNB,66407,232
2025-06-12,Booking,12893,50
2025-06-12,Retail,208608,344
2025-06-11,FNB,66301,218
2025-06-11,Booking,12886,43
2025-06-11,Retail,208605,310
2025-06-10,Retail,208387,347
2025-06-10,Booking,12879,41
2025-06-10,FNB,66246,237
2025-06-09,FNB,66201,122
2025-06-09,Retail,208275,158
2025-06-09,Booking,12862,22
2025-06-08,FNB,66101,127
2025-06-08,Booking,12860,28
2025-06-08,Retail,208426,236
2025-06-07,Booking,12848,28
2025-06-07,Retail,208418,260
2025-06-07,FNB,66019,194
2025-06-06,Booking,12835,41
2025-06-06,FNB,65950,134
2025-06-06,Retail,208313,279
2025-06-05,Retail,208256,253
2025-06-05,FNB,65857,215
2025-06-05,Booking,12817,29
2025-06-04,Booking,12797,52
2025-06-04,Retail,208223,329
2025-06-04,FNB,65818,186
2025-06-03,Booking,12786,33
2025-06-03,FNB,65764,186
2025-06-03,Retail,208056,370
2025-06-02,FNB,65721,81
2025-06-02,Booking,12774,17
2025-06-02,Retail,207869,155
2025-06-01,Booking,12738,17
2025-06-01,Retail,208044,165
2025-06-01,FNB,65640,101
2025-05-31,FNB,65544,158
2025-05-31,Booking,12725,45
2025-05-31,Retail,208111,273
2025-05-30,FNB,65529,138
2025-05-30,Booking,12713,38
2025-05-30,Retail,208101,280
2025-05-29,FNB,65498,141
2025-05-29,Booking,12730,34
2025-05-29,Retail,208051,267
2025-05-28,Retail,208000,279
2025-05-28,Booking,12714,43
2025-05-28,FNB,65446,172
2025-05-27,Retail,207695,108
2025-05-27,Booking,12735,17
2025-05-27,FNB,65369,55
2025-05-26,Booking,12711,10
2025-05-26,FNB,65193,53
2025-05-26,Retail,207747,98
2025-05-25,FNB,65111,86
2025-05-25,Booking,12707,22
2025-05-25,Retail,207821,150
2025-05-24,Booking,12666,28
2025-05-24,Retail,207762,267
2025-05-24,FNB,65064,122
2025-05-23,Booking,12614,24
2025-05-23,FNB,64976,115
2025-05-23,Retail,207662,237
2025-05-22,Retail,207644,241
2025-05-22,FNB,64878,120
2025-05-22,Booking,12601,29
2025-05-21,Retail,207571,310
2025-05-21,Booking,12590,33
2025-05-21,FNB,64835,172
2025-05-20,FNB,64779,408
2025-05-20,Booking,12573,91
2025-05-20,Retail,207361,693
2025-05-19,Retail,207191,200
2025-05-19,FNB,64758,129
2025-05-19,Booking,12549,26
2025-05-18,Booking,12530,29
2025-05-18,Retail,207341,296
2025-05-18,FNB,64708,163
2025-05-17,Retail,207303,346
2025-05-17,Booking,12518,36
2025-05-17,FNB,64603,217
2025-05-16,Retail,207217,327
2025-05-16,Booking,12515,41
2025-05-16,FNB,64574,208
2025-05-15,Retail,207275,344
2025-05-15,Booking,12506,22
2025-05-15,FNB,64593,167
2025-05-14,FNB,64388,193
2025-05-14,Booking,12498,45
2025-05-14,Retail,207351,349
2025-05-13,FNB,64378,162
2025-05-13,Retail,207165,318
2025-05-13,Booking,12501,45
2025-05-12,FNB,64371,71
2025-05-12,Booking,12504,15
2025-05-12,Retail,207040,167
2025-05-11,Booking,12506,40
2025-05-11,FNB,64349,124
2025-05-11,Retail,207160,294
2025-05-10,Booking,12504,48
2025-05-10,Retail,207167,303
2025-05-10,FNB,64276,139
2025-05-09,Booking,12487,26
2025-05-09,Retail,207103,298
2025-05-09,FNB,64232,150
2025-05-08,Booking,12470,33
2025-05-08,Retail,207033,323
2025-05-08,FNB,64220,148
2025-05-07,Booking,12473,48
2025-05-07,Retail,206930,306
2025-05-07,FNB,64194,144
2025-05-06,Booking,12468,46
2025-05-06,Retail,206644,359
2025-05-06,FNB,64144,160
2025-05-05,FNB,64098,62
2025-05-05,Booking,12465,19
2025-05-05,Retail,206443,146
2025-05-04,FNB,64056,84
2025-05-04,Retail,206474,151
2025-05-04,Booking,12460,15
2025-05-03,Retail,206431,316
2025-05-03,Booking,12418,53
2025-05-03,FNB,64020,139
2025-05-02,Booking,12408,31
2025-05-02,Retail,206321,337
2025-05-02,FNB,63977,105
2025-05-01,FNB,63951,115
2025-05-01,Booking,12393,29
2025-05-01,Retail,206190,301
2025-04-30,Booking,12367,40
2025-04-30,FNB,63943,138
2025-04-30,Retail,206053,318
2025-04-29,Booking,12315,41
2025-04-29,FNB,63901,165
2025-04-29,Retail,205703,366
2025-04-28,Retail,205442,110
2025-04-28,Booking,12308,7
2025-04-28,FNB,63815,36
2025-04-27,Retail,205435,127
2025-04-27,Booking,12283,7
2025-04-27,FNB,63766,69
2025-04-26,Retail,205230,237
2025-04-26,FNB,63303,110
2025-04-26,Booking,12258,28
2025-04-25,Retail,204869,251
2025-04-25,Booking,12250,29
2025-04-25,FNB,63208,96
2025-04-24,FNB,62685,95
2025-04-24,Retail,204362,289
2025-04-24,Booking,12150,33
2025-04-23,Booking,12098,26
2025-04-23,FNB,62555,107
2025-04-23,Retail,203684,339
2025-04-22,Booking,12054,34
2025-04-22,Retail,202943,273
2025-04-22,FNB,62427,136
2025-04-21,FNB,62321,34
2025-04-21,Booking,11976,7
2025-04-21,Retail,202145,144
2025-04-20,Retail,201484,361
2025-04-20,FNB,62257,174
2025-04-20,Booking,11913,46
2025-04-19,Booking,11830,52
2025-04-19,Retail,200533,525
2025-04-19,FNB,62200,236
2025-04-18,Booking,11773,57
2025-04-18,Retail,199456,442
2025-04-18,FNB,62059,169
2025-04-17,FNB,61965,144
2025-04-17,Booking,11737,41
2025-04-17,Retail,198970,427
2025-04-16,Retail,198619,385
2025-04-16,Booking,11701,48
2025-04-16,FNB,61882,124
2025-04-15,Booking,11679,43
2025-04-15,Retail,198435,387
2025-04-15,FNB,61870,115
2025-04-14,FNB,61853,52
2025-04-14,Retail,198350,153
2025-04-14,Booking,11684,12
2025-04-13,Retail,198964,263
2025-04-13,FNB,61903,79
2025-04-13,Booking,11687,22
2025-04-12,FNB,61917,105
2025-04-12,Retail,199427,304
2025-04-12,Booking,11713,33
2025-04-11,Retail,199701,335
2025-04-11,FNB,61973,127
2025-04-11,Booking,11730,34
2025-04-10,FNB,62070,119
2025-04-10,Booking,11742,41
2025-04-10,Retail,199971,378
2025-04-09,Retail,199990,327
2025-04-09,Booking,11744,24
2025-04-09,FNB,62180,88
2025-04-08,Retail,199852,370
2025-04-08,Booking,11727,31
2025-04-08,FNB,62267,136
2025-04-07,Retail,199907,160
2025-04-07,FNB,62316,41
2025-04-07,Booking,11711,10
2025-04-06,Booking,11705,33
2025-04-06,Retail,200342,294
2025-04-06,FNB,62448,83
2025-04-05,FNB,62477,100
2025-04-05,Booking,11684,33
2025-04-05,Retail,200497,342
2025-04-04,Retail,200516,363
2025-04-04,FNB,62560,64
2025-04-04,Booking,11703,41
2025-04-03,FNB,62658,67
2025-04-03,Retail,200666,306
2025-04-03,Booking,11696,38
2025-04-02,Booking,11691,38
2025-04-02,Retail,200803,344
2025-04-02,FNB,62684,96
2025-04-01,FNB,62699,112
2025-04-01,Booking,11687,38
2025-04-01,Retail,200540,402
2025-03-31,Booking,11684,17
2025-03-31,Retail,200402,160
2025-03-31,FNB,62713,40
2025-03-30,FNB,62783,67
2025-03-30,Retail,200580,292
2025-03-30,Booking,11674,24
2025-03-29,FNB,62818,77
2025-03-29,Booking,11677,17
2025-03-29,Retail,200633,327
2025-03-28,FNB,62859,98
2025-03-28,Retail,200777,358
2025-03-28,Booking,11687,31
2025-03-27,Booking,11711,36
2025-03-27,FNB,62940,96
2025-03-27,Retail,201058,359
2025-03-26,FNB,62980,100
2025-03-26,Booking,11715,45
2025-03-26,Retail,201209,380
2025-03-25,Booking,11732,22
2025-03-25,Retail,201343,310
2025-03-25,FNB,63064,64
2025-03-24,FNB,63148,9
2025-03-24,Booking,11751,5
2025-03-24,Retail,201741,52
2025-03-23,Retail,202408,34
2025-03-23,FNB,63234,12
2025-03-23,Booking,11804,2
2025-03-22,Booking,11844,3
2025-03-22,FNB,63267,5
2025-03-22,Retail,203079,28
2025-03-21,Retail,203514,17
2025-03-21,FNB,63303,5
2025-03-20,Retail,204131,10
2025-03-19,FNB,63329,9
2025-03-19,Booking,11942,3
2025-03-19,Retail,204869,14
2025-03-18,Retail,205215,15
2025-03-18,FNB,63334,15
2025-03-17,Retail,205743,22
2025-03-17,FNB,63324,21
2025-03-17,Booking,12011,2
2025-03-16,Booking,12037,5
2025-03-16,FNB,63332,29
2025-03-16,Retail,206233,46
2025-03-15,Booking,12049,14
2025-03-15,Retail,206672,200
2025-03-15,FNB,62997,139
2025-03-14,Booking,12073,22
2025-03-14,Retail,206861,132
2025-03-14,FNB,63072,146
2025-03-13,Booking,12098,12
2025-03-13,FNB,63157,110
2025-03-13,Retail,207112,146
2025-03-12,Retail,207241,122
2025-03-12,FNB,63131,107
2025-03-12,Booking,12116,15
2025-03-11,FNB,63088,151
2025-03-11,Retail,207195,122
2025-03-11,Booking,12112,10
2025-03-10,Retail,207317,60
2025-03-10,FNB,63086,33
2025-03-10,Booking,12133,3
2025-03-09,FNB,63095,93
2025-03-09,Retail,207516,153
2025-03-09,Booking,12135,14
2025-03-08,FNB,63035,101
2025-03-08,Retail,207650,115
2025-03-08,Booking,12128,26
2025-03-07,Booking,12129,15
2025-03-07,FNB,63009,98
2025-03-07,Retail,207743,153
2025-03-06,Retail,207795,151
2025-03-06,Booking,12145,19
2025-03-06,FNB,62986,101
2025-03-05,Booking,12128,29
2025-03-05,Retail,207848,124
2025-03-05,FNB,63000,119
2025-03-04,FNB,62976,105
2025-03-04,Booking,12126,28
2025-03-04,Retail,207795,182
2025-03-03,FNB,62945,28
2025-03-03,Booking,12124,7
2025-03-03,Retail,207724,72
2025-03-02,Booking,12117,9
2025-03-02,Retail,207888,143
2025-03-02,FNB,62909,69
2025-03-01,Retail,207950,169
2025-03-01,Booking,12107,21
2025-03-01,FNB,62863,88
2025-02-28,Booking,12104,15
2025-02-28,Retail,207888,160
2025-02-28,FNB,62835,101
2025-02-27,FNB,62864,117
2025-02-27,Retail,207939,174
2025-02-27,Booking,12126,19
2025-02-26,Retail,207976,174
2025-02-26,FNB,62890,112
2025-02-26,Booking,12102,24
2025-02-25,FNB,62823,96
2025-02-25,Booking,12102,17
2025-02-25,Retail,207783,182
2025-02-24,FNB,62869,34
2025-02-24,Booking,12098,7
2025-02-24,Retail,207640,71
2025-02-23,Booking,12078,3
2025-02-23,FNB,62809,41
2025-02-23,Retail,207638,77
2025-02-22,Retail,207465,89
2025-02-22,Booking,12050,7
2025-02-22,FNB,62715,29
2025-02-21,Booking,12028,9
2025-02-21,FNB,62637,69
2025-02-21,Retail,207320,107
2025-02-20,Retail,207222,96
2025-02-20,Booking,11997,17
2025-02-20,FNB,62543,46
2025-02-19,FNB,62481,385
2025-02-19,Booking,11982,79
2025-02-19,Retail,207377,666
2025-02-18,Retail,207177,604
2025-02-18,Booking,11978,57
2025-02-18,FNB,62395,289
2025-02-17,Booking,12004,24
2025-02-17,FNB,62321,131
2025-02-17,Retail,207167,234
2025-02-16,Booking,11987,28
2025-02-16,FNB,62230,217
2025-02-16,Retail,207224,292
2025-02-15,FNB,62168,213
2025-02-15,Retail,207171,390
2025-02-15,Booking,11995,31
2025-02-14,Retail,207133,365
2025-02-14,FNB,62102,193
2025-02-14,Booking,12000,60
2025-02-13,Booking,11995,38
2025-02-13,Retail,207160,341
2025-02-13,FNB,62090,172
2025-02-12,Retail,207251,303
2025-02-12,Booking,11990,38
2025-02-12,FNB,62164,170
2025-02-11,FNB,62106,213
2025-02-11,Booking,12006,40
2025-02-11,Retail,207159,341
2025-02-10,Booking,12009,9
2025-02-10,Retail,207157,124
2025-02-10,FNB,62044,72
2025-02-09,Retail,207313,236
2025-02-09,FNB,61949,131
2025-02-09,Booking,12000,17
2025-02-08,FNB,61872,184
2025-02-08,Booking,11982,26
2025-02-08,Retail,207460,298
2025-02-07,Retail,207437,322
2025-02-07,Booking,11980,41
2025-02-07,FNB,61849,169
2025-02-06,Booking,11983,38
2025-02-06,Retail,207494,306
2025-02-06,FNB,61849,187
2025-02-05,Retail,207516,301
2025-02-05,FNB,61805,160
2025-02-05,Booking,11994,41
2025-02-04,Retail,207344,308
2025-02-04,Booking,11992,48
2025-02-04,FNB,61788,217
2025-02-03,Booking,11999,17
2025-02-03,Retail,207234,151
2025-02-03,FNB,61748,67
2025-02-02,Retail,207336,249
2025-02-02,Booking,11987,19
2025-02-02,FNB,61712,127
2025-02-01,Retail,207398,313
2025-02-01,FNB,61641,181
2025-02-01,Booking,11975,28
2025-01-31,FNB,61574,160
2025-01-31,Retail,207332,358
2025-01-31,Booking,11932,36
2025-01-30,FNB,61500,153
2025-01-30,Booking,11933,14
2025-01-30,Retail,207301,301
2025-01-29,Retail,207236,310
2025-01-29,Booking,11920,29
2025-01-29,FNB,61464,155
2025-01-28,Retail,206993,311
2025-01-28,FNB,61407,182
2025-01-28,Booking,11914,48
2025-01-27,Retail,206902,134
2025-01-27,Booking,11870,15
2025-01-27,FNB,61371,76
2025-01-26,FNB,61333,86
2025-01-26,Booking,11830,26
2025-01-26,Retail,206938,206
2025-01-25,Booking,11796,21
2025-01-25,FNB,61277,146
2025-01-25,Retail,206935,258
2025-01-24,FNB,61215,139
2025-01-24,Booking,11779,50
2025-01-24,Retail,206840,273
2025-01-23,Booking,11763,31
2025-01-23,FNB,61139,124
2025-01-23,Retail,206718,287
2025-01-22,Booking,11727,43
2025-01-22,FNB,61014,110
2025-01-22,Retail,206594,196
2025-01-21,Booking,11701,48
2025-01-21,Retail,206312,373
2025-01-21,FNB,60895,215
2025-01-20,FNB,60824,160
2025-01-20,Booking,11686,31
2025-01-20,Retail,206099,287
2025-01-19,Retail,206071,502
2025-01-19,FNB,60733,282
2025-01-19,Booking,11660,67
2025-01-18,Booking,11638,36
2025-01-18,Retail,206084,485
2025-01-18,FNB,60688,222
2025-01-17,Retail,206035,404
2025-01-17,FNB,60608,184
2025-01-17,Booking,11634,43
2025-01-16,Booking,11629,38
2025-01-16,Retail,206032,402
2025-01-16,FNB,60535,208
2025-01-15,Retail,205960,413
2025-01-15,FNB,60515,203
2025-01-15,Booking,11608,45
2025-01-14,FNB,60501,224
2025-01-14,Retail,205752,458
2025-01-14,Booking,11601,57
2025-01-13,Retail,205672,179
2025-01-13,Booking,11569,19
2025-01-13,FNB,60499,108
2025-01-12,Retail,205843,311
2025-01-12,Booking,11570,43
2025-01-12,FNB,60486,153
2025-01-11,FNB,60418,193
2025-01-11,Retail,205860,415
2025-01-11,Booking,11564,60
2025-01-10,Booking,11564,34
2025-01-10,Retail,205819,315
2025-01-10,FNB,60317,172
2025-01-09,Retail,205714,280
2025-01-09,FNB,60253,117
2025-01-09,Booking,11558,17
2025-01-08,Retail,205746,260
2025-01-08,Booking,11539,29
2025-01-08,FNB,60186,163
2025-01-07,FNB,60138,189
2025-01-07,Booking,11522,36
2025-01-07,Retail,205525,347
2025-01-06,Retail,205347,158
2025-01-06,Booking,11515,24
2025-01-06,FNB,60093,67
2025-01-05,Retail,205445,184
2025-01-05,FNB,60093,134
2025-01-05,Booking,11519,33
2025-01-04,Retail,205328,318
2025-01-04,Booking,11500,41
2025-01-04,FNB,60042,141
2025-01-03,Booking,11491,45
2025-01-03,Retail,205304,280
2025-01-03,FNB,59964,138
2025-01-02,FNB,59904,122
2025-01-02,Booking,11469,29
2025-01-02,Retail,205241,351
2025-01-01,Booking,11450,28
2025-01-01,FNB,59627,150
2025-01-01,Retail,205227,287
2024-12-31,Booking,11431,38
2024-12-31,FNB,59612,184
2024-12-31,Retail,204193,322
2024-12-30,Booking,11428,15
2024-12-30,Retail,204001,148
2024-12-30,FNB,59591,58
2024-12-29,Retail,204102,229
2024-12-29,Booking,11416,28
2024-12-29,FNB,59545,117
2024-12-28,FNB,59481,105
2024-12-28,Retail,203958,255
2024-12-28,Booking,11386,40
2024-12-27,Retail,203796,315
2024-12-27,FNB,59419,146
2024-12-27,Booking,11366,29
2024-12-26,Booking,11354,24
2024-12-26,FNB,59388,120
2024-12-26,Retail,203684,282
2024-12-25,FNB,59326,117
2024-12-25,Booking,11323,34
2024-12-25,Retail,203534,306
2024-12-24,FNB,59254,120
2024-12-24,Booking,11294,17
2024-12-24,Retail,203175,311
2024-12-23,Retail,202864,120
2024-12-23,Booking,11266,9
2024-12-23,FNB,59166,64
2024-12-22,Retail,202879,224
2024-12-22,Booking,11242,29
2024-12-22,FNB,59103,93
2024-12-21,Retail,202803,255
2024-12-21,FNB,59049,88
2024-12-21,Booking,11218,17
2024-12-20,Booking,11199,55
2024-12-20,Retail,202748,585
2024-12-20,FNB,58987,294
2024-12-19,FNB,58994,206
2024-12-19,Booking,11201,57
2024-12-19,Retail,202601,461
2024-12-18,Retail,202594,354
2024-12-18,FNB,58968,158
2024-12-18,Booking,11214,33
2024-12-17,Retail,202370,378
2024-12-17,Booking,11189,52
2024-12-17,FNB,58920,196
2024-12-16,FNB,58891,60
2024-12-16,Retail,202257,150
2024-12-16,Booking,11154,24
2024-12-15,Retail,202361,258
2024-12-15,FNB,58877,119
2024-12-15,Booking,11152,15
2024-12-14,FNB,58905,153
2024-12-14,Retail,202416,339
2024-12-14,Booking,11140,48
2024-12-13,Booking,11130,57
2024-12-13,Retail,202327,316
2024-12-13,FNB,58905,134
2024-12-12,FNB,58889,127
2024-12-12,Booking,11116,24
2024-12-12,Retail,202341,296
2024-12-11,FNB,58858,177
2024-12-11,Retail,202284,316
2024-12-11,Booking,11096,34
2024-12-10,FNB,58778,141
2024-12-10,Booking,11097,48
2024-12-10,Retail,202035,358
2024-12-09,Booking,11101,15
2024-12-09,FNB,58748,62
2024-12-09,Retail,201974,155
2024-12-08,FNB,58669,100
2024-12-08,Retail,202048,172
2024-12-08,Booking,11087,15
2024-12-07,Booking,11101,40
2024-12-07,Retail,201973,291
2024-12-07,FNB,58583,134
2024-12-06,Booking,11082,34
2024-12-06,FNB,58530,153
2024-12-06,Retail,201830,310
2024-12-05,FNB,58480,96
2024-12-05,Booking,11079,33
2024-12-05,Retail,201675,287
2024-12-04,Retail,201579,327
2024-12-04,FNB,58363,117
2024-12-04,Booking,11065,31
2024-12-03,Booking,11066,29
2024-12-03,FNB,58308,143
2024-12-03,Retail,201329,335
2024-12-02,Booking,11025,9
2024-12-02,FNB,58248,60
2024-12-02,Retail,201176,187
2024-12-01,FNB,58112,100
2024-12-01,Booking,11010,22
2024-12-01,Retail,201254,218
2024-11-30,FNB,58043,127
2024-11-30,Retail,201094,296
2024-11-30,Booking,10968,29
2024-11-29,FNB,58009,155
2024-11-29,Retail,200889,315
2024-11-29,Booking,10937,46
2024-11-28,FNB,57973,139
2024-11-28,Retail,200705,282
2024-11-28,Booking,10917,28
2024-11-27,FNB,57928,146
2024-11-27,Booking,10913,33
2024-11-27,Retail,200483,308
2024-11-26,Booking,10919,34
2024-11-26,Retail,200117,311
2024-11-26,FNB,57875,172
2024-11-25,Booking,10876,21
2024-11-25,Retail,199663,139
2024-11-25,FNB,57806,52
2024-11-24,Booking,10845,24
2024-11-24,Retail,199623,191
2024-11-24,FNB,57749,115
2024-11-23,Retail,199456,244
2024-11-23,FNB,57703,110
2024-11-23,Booking,10814,14
2024-11-22,Retail,199362,234
2024-11-22,Booking,10821,15
2024-11-22,FNB,57666,100
2024-11-21,Booking,10810,19
2024-11-21,Retail,199226,237
2024-11-21,FNB,57668,81
2024-11-20,FNB,57742,81
2024-11-20,Retail,198822,232
2024-11-20,Booking,10798,33
2024-11-19,FNB,57830,304
2024-11-19,Booking,10796,96
2024-11-19,Retail,198467,710
2024-11-18,FNB,57924,95
2024-11-18,Retail,198301,174
2024-11-18,Booking,10784,21
2024-11-17,Retail,198491,296
2024-11-17,FNB,57950,127
2024-11-17,Booking,10790,36
2024-11-16,Retail,198607,311
2024-11-16,FNB,57954,132
2024-11-16,Booking,10802,45
2024-11-15,Retail,198522,354
2024-11-15,Booking,10802,34
2024-11-15,FNB,57525,138
2024-11-14,FNB,57519,165
2024-11-14,Retail,198552,346
2024-11-14,Booking,10814,45
2024-11-13,Retail,198612,310
2024-11-13,Booking,10821,45
2024-11-13,FNB,57567,148
2024-11-12,Booking,10821,29
2024-11-12,FNB,57520,122
2024-11-12,Retail,198424,358
2024-11-11,Booking,10821,14
2024-11-11,Retail,198295,148
2024-11-11,FNB,57517,65
2024-11-10,Retail,198409,213
2024-11-10,FNB,57498,95
2024-11-10,Booking,10808,22
2024-11-09,Booking,10808,34
2024-11-09,FNB,57476,132
2024-11-09,Retail,198464,273
2024-11-08,FNB,57450,150
2024-11-08,Retail,198421,304
2024-11-08,Booking,10800,31
2024-11-07,Booking,10812,45
2024-11-07,Retail,198471,287
2024-11-07,FNB,57436,124
2024-11-06,Booking,10807,22
2024-11-06,Retail,198450,213
2024-11-06,FNB,57400,108
2024-11-05,Retail,198227,253
2024-11-05,FNB,57345,136
2024-11-05,Booking,10800,28
2024-11-04,FNB,57297,57
2024-11-04,Retail,198151,120
2024-11-04,Booking,10803,10
2024-11-03,FNB,57288,91
2024-11-03,Booking,10808,24
2024-11-03,Retail,198362,232
2024-11-02,Retail,198430,210
2024-11-02,FNB,57242,101
2024-11-02,Booking,10802,29
2024-11-01,FNB,57197,91
2024-11-01,Booking,10788,17
2024-11-01,Retail,198481,243
2024-10-31,Booking,10783,24
2024-10-31,FNB,57181,93
2024-10-31,Retail,198534,198
2024-10-30,Retail,198593,239
2024-10-30,Booking,10790,28
2024-10-30,FNB,57162,115
2024-10-29,Booking,10793,31
2024-10-29,Retail,198483,236
2024-10-29,FNB,57150,146
2024-10-28,Booking,10786,10
2024-10-28,Retail,198364,114
2024-10-28,FNB,57137,36
2024-10-27,Retail,198593,143
2024-10-27,FNB,57111,69
2024-10-27,Booking,10779,22
2024-10-26,Retail,198832,255
2024-10-26,FNB,57094,77
2024-10-26,Booking,10784,34
2024-10-25,Retail,198878,265
2024-10-25,FNB,57092,131
2024-10-25,Booking,10784,24
2024-10-24,FNB,57068,110
2024-10-24,Retail,198717,296
2024-10-24,Booking,10776,34
2024-10-23,FNB,56975,38
2024-10-23,Booking,10740,14
2024-10-23,Retail,198596,83
2024-10-22,FNB,56879,21
2024-10-22,Retail,198419,57
2024-10-22,Booking,10728,2
2024-10-21,FNB,56813,33
2024-10-21,Retail,198572,100
2024-10-21,Booking,10740,15
2024-10-20,Booking,10753,46
2024-10-20,FNB,56775,241
2024-10-20,Retail,198691,389
2024-10-19,Booking,10750,33
2024-10-19,Retail,198658,308
2024-10-19,FNB,56693,218
2024-10-18,FNB,56698,177
2024-10-18,Booking,10740,48
2024-10-18,Retail,198760,294
2024-10-17,Retail,198746,258
2024-10-17,FNB,56696,141
2024-10-17,Booking,10747,38
2024-10-16,Retail,198784,284
2024-10-16,Booking,10738,40
2024-10-16,FNB,56705,143
2024-10-15,Booking,10712,33
2024-10-15,FNB,56707,139
2024-10-15,Retail,198528,291
2024-10-14,Booking,10707,10
2024-10-14,FNB,56715,60
2024-10-14,Retail,198421,143
2024-10-13,FNB,56736,95
2024-10-13,Retail,198531,218
2024-10-13,Booking,10700,21
2024-10-12,Retail,198541,243
2024-10-12,Booking,10702,33
2024-10-12,FNB,56689,124
2024-10-11,Booking,10686,28
2024-10-11,FNB,56645,107
2024-10-11,Retail,198560,229
2024-10-10,Retail,198531,286
2024-10-10,FNB,56646,124
2024-10-10,Booking,10676,46
2024-10-09,Booking,10664,26
2024-10-09,Retail,198478,267
2024-10-09,FNB,56671,119
2024-10-08,FNB,56677,158
2024-10-08,Retail,198319,291
2024-10-08,Booking,10654,58
2024-10-07,Booking,10659,10
2024-10-07,FNB,56703,57
2024-10-07,Retail,198331,84
2024-10-06,Booking,10664,24
2024-10-06,Retail,198467,155
2024-10-06,FNB,56689,71
2024-10-05,Booking,10671,22
2024-10-05,Retail,198548,200
2024-10-05,FNB,56683,86
2024-10-04,Booking,10645,14
2024-10-04,FNB,56677,79
2024-10-04,Retail,198488,203
2024-10-03,Retail,198402,246
2024-10-03,Booking,10633,31
2024-10-03,FNB,56689,117
2024-10-02,Retail,198356,272
2024-10-02,Booking,10609,21
2024-10-02,FNB,56659,84
2024-10-01,Booking,10612,33
2024-10-01,Retail,198099,227
2024-10-01,FNB,56643,108
2024-09-30,Retail,198053,114
2024-09-30,Booking,10587,21
2024-09-30,FNB,56626,48
2024-09-29,FNB,56607,81
2024-09-29,Retail,198204,165
2024-09-29,Booking,10585,12
2024-09-28,FNB,56576,74
2024-09-28,Booking,10585,29
2024-09-28,Retail,198252,215
2024-09-27,Booking,10590,29
2024-09-27,FNB,56511,120
2024-09-27,Retail,198239,265
2024-09-26,Retail,198123,239
2024-09-26,FNB,56487,98
2024-09-26,Booking,10599,33
2024-09-25,FNB,56404,95
2024-09-25,Booking,10597,36
2024-09-25,Retail,198075,232
2024-09-24,Booking,10592,43
2024-09-24,Retail,197705,224
2024-09-24,FNB,56297,100
2024-09-23,FNB,56210,46
2024-09-23,Booking,10554,7
2024-09-23,Retail,197410,91
2024-09-22,Booking,10549,21
2024-09-22,FNB,56100,72
2024-09-22,Retail,197454,155
2024-09-21,Booking,10532,19
2024-09-21,Retail,197372,241
2024-09-21,FNB,55946,93
2024-09-20,Retail,197198,215
2024-09-20,Booking,10502,33
2024-09-20,FNB,55845,103
2024-09-19,Retail,197121,523
2024-09-19,FNB,55756,299
2024-09-19,Booking,10480,57
2024-09-18,FNB,55719,237
2024-09-18,Retail,196935,445
2024-09-18,Booking,10464,45
2024-09-17,Retail,196792,389
2024-09-17,Booking,10452,41
2024-09-17,FNB,55642,191
2024-09-16,FNB,55601,84
2024-09-16,Retail,196801,151
2024-09-16,Booking,10461,19
2024-09-15,FNB,55546,132
2024-09-15,Retail,196906,210
2024-09-15,Booking,10456,38
2024-09-14,Booking,10458,26
2024-09-14,Retail,196890,286
2024-09-14,FNB,55522,124
2024-09-13,Retail,196906,306
2024-09-13,Booking,10440,40
2024-09-13,FNB,55553,143
2024-09-12,FNB,55565,153
2024-09-12,Retail,196895,251
2024-09-12,Booking,10440,31
2024-09-11,FNB,55547,127
2024-09-11,Retail,196882,248
2024-09-11,Booking,10427,26
2024-09-10,FNB,55492,157
2024-09-10,Retail,196789,382
2024-09-10,Booking,10420,26
2024-09-09,Booking,10415,17
2024-09-09,Retail,196613,138
2024-09-09,FNB,55442,58
2024-09-08,Retail,196728,200
2024-09-08,FNB,55429,103
2024-09-08,Booking,10420,15
2024-09-07,Retail,196708,277
2024-09-07,FNB,55398,103
2024-09-07,Booking,10409,19
2024-09-06,FNB,55344,77
2024-09-06,Retail,196648,286
2024-09-06,Booking,10396,29
2024-09-05,Booking,10387,19
2024-09-05,FNB,55377,105
2024-09-05,Retail,196586,268
2024-09-04,Booking,10358,26
2024-09-04,FNB,55338,127
2024-09-04,Retail,196532,279
2024-09-03,Retail,196290,243
2024-09-03,Booking,10342,45
2024-09-03,FNB,55291,131
2024-09-02,Booking,10318,10
2024-09-02,Retail,196125,136
2024-09-02,FNB,55226,40
2024-09-01,Retail,196226,174
2024-09-01,FNB,55167,76
2024-09-01,Booking,10310,19
2024-08-31,Booking,10282,29
2024-08-31,Retail,196221,224
2024-08-31,FNB,55131,96
2024-08-30,Booking,10267,29
2024-08-30,Retail,196276,268
2024-08-30,FNB,55086,108
2024-08-29,Retail,196271,277
2024-08-29,Booking,10255,29
2024-08-29,FNB,55064,120
2024-08-28,Booking,10239,36
2024-08-28,FNB,55043,132
2024-08-28,Retail,196242,272
2024-08-27,Retail,196006,303
2024-08-27,Booking,10210,36
2024-08-27,FNB,55009,122
2024-08-26,FNB,54930,52
2024-08-26,Retail,195937,129
2024-08-26,Booking,10189,17
2024-08-25,Booking,10188,15
2024-08-25,Retail,196137,191
2024-08-25,FNB,54890,79
2024-08-24,Booking,10151,33
2024-08-24,Retail,196049,243
2024-08-24,FNB,54859,76
2024-08-23,FNB,54837,115
2024-08-23,Booking,10160,24
2024-08-23,Retail,195812,210
2024-08-22,FNB,54785,83
2024-08-22,Booking,10148,40
2024-08-22,Retail,195733,260
2024-08-21,Retail,195681,194
2024-08-21,FNB,54732,53
2024-08-21,Booking,10127,26
2024-08-20,FNB,54646,96
2024-08-20,Retail,195444,232
2024-08-20,Booking,10120,22
2024-08-19,FNB,54605,50
2024-08-19,Retail,195303,134
2024-08-19,Booking,10110,19
2024-08-18,Booking,10122,9
2024-08-18,FNB,54558,71
2024-08-18,Retail,195438,167
2024-08-17,FNB,54479,117
2024-08-17,Retail,195571,172
2024-08-17,Booking,10114,21
2024-08-16,Retail,195480,148
2024-08-16,FNB,54409,79
2024-08-16,Booking,10117,19
2024-08-15,FNB,54416,69
2024-08-15,Retail,195473,150
2024-08-15,Booking,10120,21
2024-08-14,Retail,195478,158
2024-08-14,FNB,54443,88
2024-08-14,Booking,10112,21
2024-08-13,FNB,54428,76
2024-08-13,Retail,195249,189
2024-08-13,Booking,10083,14
2024-08-12,FNB,54397,29
2024-08-12,Booking,10093,9
2024-08-12,Retail,195139,55
2024-08-11,Retail,195356,105
2024-08-11,FNB,54314,29
2024-08-11,Booking,10102,9
2024-08-10,Retail,195390,89
2024-08-10,FNB,54235,43
2024-08-10,Booking,10079,19
2024-08-09,Booking,10067,19
2024-08-09,FNB,54214,38
2024-08-09,Retail,195421,103
2024-08-08,Booking,10062,9
2024-08-08,Retail,195385,126
2024-08-08,FNB,54195,58
2024-08-07,Booking,10048,10
2024-08-07,FNB,54182,67
2024-08-07,Retail,195327,146
2024-08-06,FNB,54068,64
2024-08-06,Booking,10031,14
2024-08-06,Retail,195132,115
2024-08-05,Retail,195115,50
2024-08-05,FNB,53991,31
2024-08-05,Booking,10036,7
2024-08-04,Retail,195308,98
2024-08-04,FNB,53920,40
2024-08-04,Booking,9993,5
2024-08-03,FNB,53889,29
2024-08-03,Retail,195349,110
2024-08-03,Booking,9990,12
2024-08-02,Retail,194905,134
2024-08-02,FNB,53870,89
2024-08-02,Booking,9976,5
2024-08-01,Retail,194959,144
2024-08-01,Booking,9950,15
2024-08-01,FNB,53850,43
2024-07-31,Booking,9935,5
2024-07-31,Retail,195024,107
2024-07-31,FNB,53814,58
2024-07-30,Retail,194728,134
2024-07-30,FNB,53767,60
2024-07-30,Booking,9923,12
2024-07-29,FNB,53748,17
2024-07-29,Booking,9909,12
2024-07-29,Retail,194659,46
2024-07-28,Retail,194799,124
2024-07-28,FNB,53743,64
2024-07-28,Booking,9895,9
2024-07-27,Retail,194840,160
2024-07-27,FNB,53681,77
2024-07-27,Booking,9873,26
2024-07-26,Retail,194850,131
2024-07-26,Booking,9844,22
2024-07-26,FNB,53602,72
2024-07-25,Retail,194874,110
2024-07-25,FNB,53557,64
2024-07-25,Booking,9830,21
2024-07-24,FNB,53478,69
2024-07-24,Retail,194709,134
2024-07-24,Booking,9814,14
2024-07-23,FNB,53356,62
2024-07-23,Booking,9814,12
2024-07-23,Retail,194443,132
2024-07-22,FNB,53229,21
2024-07-22,Retail,194367,50
2024-07-22,Booking,9797,7
2024-07-21,FNB,53172,46
2024-07-21,Booking,9795,10
2024-07-21,Retail,194491,98
2024-07-20,FNB,53100,163
2024-07-20,Booking,9806,17
2024-07-20,Retail,194546,263
2024-07-19,Retail,194145,212
2024-07-19,Booking,9776,33
2024-07-19,FNB,53053,114
2024-07-18,Booking,9768,19
2024-07-18,Retail,193880,206
2024-07-18,FNB,53041,91
2024-07-17,Retail,193700,170
2024-07-17,FNB,53053,86
2024-07-17,Booking,9763,17
2024-07-16,FNB,53036,115
2024-07-16,Booking,9763,15
2024-07-16,Retail,193421,203
2024-07-15,Retail,193257,74
2024-07-15,FNB,53019,22
2024-07-15,Booking,9759,12
2024-07-14,FNB,52995,67
2024-07-14,Booking,9761,10
2024-07-14,Retail,193497,127
2024-07-13,Booking,9759,7
2024-07-13,Retail,193612,155
2024-07-13,FNB,52936,74
2024-07-12,Retail,193694,172
2024-07-12,FNB,52875,71
2024-07-12,Booking,9749,14
2024-07-11,Retail,193737,212
2024-07-11,FNB,52897,69
2024-07-11,Booking,9739,22
2024-07-10,FNB,52876,86
2024-07-10,Retail,193755,170
2024-07-10,Booking,9728,21
2024-07-09,Booking,9735,26
2024-07-09,Retail,193603,174
2024-07-09,FNB,52825,84
2024-07-08,Retail,193579,88
2024-07-08,Booking,9706,12
2024-07-08,FNB,52792,28
2024-07-07,FNB,52708,50
2024-07-07,Booking,9692,17
2024-07-07,Retail,193761,120
2024-07-06,Retail,193617,141
2024-07-06,FNB,52644,65
2024-07-06,Booking,9660,19
2024-07-05,Booking,9651,19
2024-07-05,FNB,52596,93
2024-07-05,Retail,193626,158
2024-07-04,Retail,193638,153
2024-07-04,Booking,9639,15
2024-07-04,FNB,52575,93
2024-07-03,Booking,9641,26
2024-07-03,FNB,52524,58
2024-07-03,Retail,193663,208
2024-07-02,Retail,193392,203
2024-07-02,Booking,9660,36
2024-07-02,FNB,52506,83
2024-07-01,Retail,193278,67
2024-07-01,Booking,9632,10
2024-07-01,FNB,52455,45
2024-06-30,Booking,9617,7
2024-06-30,FNB,52393,76
2024-06-30,Retail,193399,122
2024-06-29,FNB,52350,89
2024-06-29,Retail,193428,153
2024-06-29,Booking,9601,21
2024-06-28,FNB,52324,84
2024-06-28,Retail,193433,162
2024-06-28,Booking,9598,15
2024-06-27,FNB,52321,69
2024-06-27,Booking,9592,17
2024-06-27,Retail,193497,132
2024-06-26,Booking,9570,21
2024-06-26,FNB,52267,67
2024-06-26,Retail,193526,189
2024-06-25,FNB,52266,74
2024-06-25,Retail,193276,144
2024-06-25,Booking,9561,15
2024-06-24,Booking,9539,5
2024-06-24,FNB,52205,33
2024-06-24,Retail,193146,84
2024-06-23,FNB,52212,52
2024-06-23,Retail,193326,120
2024-06-23,Booking,9544,26
2024-06-22,FNB,52209,45
2024-06-22,Booking,9541,15
2024-06-22,Retail,193309,132
2024-06-21,FNB,52149,69
2024-06-21,Booking,9517,19
2024-06-21,Retail,193297,162
2024-06-20,Booking,9501,5
2024-06-20,Retail,193244,53
2024-06-20,FNB,52101,19
2024-06-19,Booking,9531,12
2024-06-19,FNB,51994,53
2024-06-19,Retail,193631,83
2024-06-18,Retail,193792,91
2024-06-18,FNB,51800,50
2024-06-18,Booking,9525,5
2024-06-17,Retail,193945,93
2024-06-17,Booking,9531,14
2024-06-17,FNB,51695,48
2024-06-16,Retail,194150,165
2024-06-16,FNB,51571,112
2024-06-16,Booking,9517,28
2024-06-15,Booking,9515,24
2024-06-15,Retail,194212,225
2024-06-15,FNB,51474,134
2024-06-14,FNB,51442,138
2024-06-14,Retail,194171,181
2024-06-14,Booking,9500,28
2024-06-13,Booking,9475,24
2024-06-13,FNB,51431,107
2024-06-13,Retail,194262,193
2024-06-12,Booking,9494,29
2024-06-12,FNB,51371,126
2024-06-12,Retail,194248,201
2024-06-11,FNB,51357,103
2024-06-11,Booking,9465,24
2024-06-11,Retail,194105,165
2024-06-10,Booking,9446,10
2024-06-10,Retail,194081,81
2024-06-10,FNB,51309,62
2024-06-09,Retail,194259,160
2024-06-09,Booking,9436,33
2024-06-09,FNB,51235,71
2024-06-08,Booking,9419,24
2024-06-08,Retail,194222,174
2024-06-08,FNB,51137,103
2024-06-07,Booking,9405,15
2024-06-07,Retail,194116,91
2024-06-07,FNB,51096,43
2024-06-06,Retail,194178,162
2024-06-06,FNB,51086,126
2024-06-06,Booking,9400,24
2024-06-05,Retail,194195,224
2024-06-05,FNB,51029,86
2024-06-05,Booking,9389,15
2024-06-04,Booking,9367,26
2024-06-04,Retail,193906,215
2024-06-04,FNB,51000,110
2024-06-03,Retail,193775,96
2024-06-03,Booking,9352,10
2024-06-03,FNB,50965,36
2024-06-02,Retail,193889,157
2024-06-02,Booking,9341,14
2024-06-02,FNB,50926,45
2024-06-01,FNB,50840,60
2024-06-01,Booking,9309,21
2024-06-01,Retail,193884,174
2024-05-31,Retail,193839,184
2024-05-31,FNB,50790,81
2024-05-31,Booking,9285,12
2024-05-30,Retail,193873,239
2024-05-30,Booking,9279,21
2024-05-30,FNB,50773,69
2024-05-29,FNB,50697,96
2024-05-29,Retail,193854,191
2024-05-29,Booking,9254,12
2024-05-28,Booking,9259,24
2024-05-28,Retail,193189,212
2024-05-28,FNB,50571,71
2024-05-27,FNB,50537,40
2024-05-27,Retail,193012,71
2024-05-27,Booking,9235,3
2024-05-26,Booking,9219,24
2024-05-26,FNB,50510,43
2024-05-26,Retail,193006,115
2024-05-25,FNB,50473,58
2024-05-25,Retail,193012,179
2024-05-25,Booking,9185,17
2024-05-24,FNB,50310,64
2024-05-24,Booking,9161,24
2024-05-24,Retail,192888,169
2024-05-23,FNB,50270,67
2024-05-23,Retail,192833,177
2024-05-23,Booking,9164,17
2024-05-22,Booking,9173,10
2024-05-22,Retail,192693,172
2024-05-22,FNB,50188,58
2024-05-21,Booking,9130,14
2024-05-21,Retail,192451,194
2024-05-21,FNB,50116,46
2024-05-20,Booking,9121,24
2024-05-20,Retail,192258,215
2024-05-20,FNB,50045,77
2024-05-19,FNB,49968,101
2024-05-19,Booking,9111,17
2024-05-19,Retail,192332,243
2024-05-18,Booking,9104,31
2024-05-18,Retail,192267,251
2024-05-18,FNB,49878,115
2024-05-17,Retail,192124,198
2024-05-17,FNB,49799,83
2024-05-17,Booking,9109,29
2024-05-16,Retail,192119,256
2024-05-16,Booking,9099,40
2024-05-16,FNB,49772,81
2024-05-15,FNB,49718,83
2024-05-15,Booking,9082,15
2024-05-15,Retail,192066,217
2024-05-14,Booking,9078,28
2024-05-14,Retail,191780,246
2024-05-14,FNB,49701,71
2024-05-13,Retail,191593,89
2024-05-13,FNB,49699,50
2024-05-13,Booking,9073,7
2024-05-12,Booking,9064,19
2024-05-12,FNB,49668,57
2024-05-12,Retail,191684,155
2024-05-11,Booking,9028,14
2024-05-11,FNB,49615,93
2024-05-11,Retail,191649,224
2024-05-10,Booking,9020,21
2024-05-10,FNB,49551,48
2024-05-10,Retail,191512,229
2024-05-09,Booking,9008,12
2024-05-09,FNB,49515,86
2024-05-09,Retail,191419,162
2024-05-08,FNB,49472,57
2024-05-08,Retail,191297,220
2024-05-08,Booking,9021,21
2024-05-07,FNB,49407,93
2024-05-07,Booking,8996,15
2024-05-07,Retail,191046,261
2024-05-06,Booking,8953,14
2024-05-06,FNB,49364,26
2024-05-06,Retail,190665,86
2024-05-05,Booking,8929,14
2024-05-05,FNB,49307,62
2024-05-05,Retail,190416,158
2024-05-04,FNB,49250,65
2024-05-04,Retail,189919,206
2024-05-04,Booking,8899,14
2024-05-03,Retail,189276,215
2024-05-03,FNB,49161,53
2024-05-03,Booking,8853,19
2024-05-02,FNB,49101,62
2024-05-02,Booking,8803,21
2024-05-02,Retail,188522,218
2024-05-01,FNB,49068,65
2024-05-01,Retail,187633,215
2024-05-01,Booking,8769,24
2024-04-30,Retail,186618,222
2024-04-30,Booking,8705,24
2024-04-30,FNB,48987,72
2024-04-29,FNB,48848,26
2024-04-29,Retail,185633,71
2024-04-29,Booking,8628,3
2024-04-28,FNB,48765,40
2024-04-28,Booking,8571,3
2024-04-28,Retail,185302,134
2024-04-27,Booking,8531,10
2024-04-27,Retail,184981,148
2024-04-27,FNB,48704,50
2024-04-26,Retail,184876,191
2024-04-26,FNB,48533,69
2024-04-26,Booking,8521,21
2024-04-25,FNB,48504,55
2024-04-25,Booking,8505,17
2024-04-25,Retail,184788,227
2024-04-24,FNB,48490,48
2024-04-24,Retail,184905,191
2024-04-24,Booking,8516,31
2024-04-23,FNB,48495,81
2024-04-23,Booking,8514,14
2024-04-23,Retail,184594,213
2024-04-22,Retail,184573,84
2024-04-22,FNB,48530,31
2024-04-22,Booking,8493,10
2024-04-21,Retail,185001,134
2024-04-21,FNB,48556,29
2024-04-21,Booking,8490,9
2024-04-20,FNB,48569,45
2024-04-20,Retail,185247,172
2024-04-20,Booking,8478,22
2024-04-19,FNB,48645,71
2024-04-19,Retail,185304,315
2024-04-19,Booking,8480,21
2024-04-18,FNB,48683,64
2024-04-18,Retail,185325,265
2024-04-18,Booking,8504,15
2024-04-17,FNB,48752,53
2024-04-17,Booking,8504,17
2024-04-17,Retail,185402,279
2024-04-16,Booking,8495,21
2024-04-16,Retail,185089,272
2024-04-16,FNB,48814,58
2024-04-15,Retail,185062,129
2024-04-15,FNB,48896,12
2024-04-15,Booking,8486,7
2024-04-14,Booking,8471,9
2024-04-14,Retail,185311,181
2024-04-14,FNB,48951,33
2024-04-13,FNB,49020,38
2024-04-13,Booking,8469,9
2024-04-13,Retail,185428,208
2024-04-12,FNB,49073,38
2024-04-12,Retail,185354,279
2024-04-12,Booking,8462,24
2024-04-11,Retail,185294,294
2024-04-11,FNB,49132,52
2024-04-11,Booking,8461,28
2024-04-10,Retail,185103,315
2024-04-10,Booking,8469,19
2024-04-10,FNB,49170,41
2024-04-09,FNB,49194,57
2024-04-09,Retail,184704,320
2024-04-09,Booking,8452,21
2024-04-08,Booking,8461,10
2024-04-08,FNB,49266,22
2024-04-08,Retail,184152,110
2024-04-07,Booking,8492,10
2024-04-07,Retail,184647,217
2024-04-07,FNB,49333,19
2024-04-06,Retail,185050,279
2024-04-06,FNB,49388,19
2024-04-06,Booking,8516,24
2024-04-05,Booking,8526,7
2024-04-05,Retail,185567,187
2024-04-05,FNB,49459,29
2024-04-04,Retail,186099,58
2024-04-04,Booking,8560,2
2024-04-04,FNB,49553,9
2024-04-03,Retail,186821,22
2024-04-03,Booking,8583,2
2024-04-03,FNB,49598,3
2024-04-02,FNB,49637,2
2024-04-02,Retail,187244,5
2024-04-02,Booking,8615,2
2024-04-01,Retail,187865,2
2024-04-01,FNB,49665,2
2024-03-31,Retail,188421,3
2024-03-31,FNB,49662,2
2024-03-30,Retail,188976,12
2024-03-30,FNB,49691,3
2024-03-29,Booking,8743,2
2024-03-29,FNB,49698,9
2024-03-29,Retail,189451,15
2024-03-28,FNB,49684,15
2024-03-28,Booking,8786,3
2024-03-28,Retail,189933,22
2024-03-27,Retail,190299,46
2024-03-27,FNB,49663,50
2024-03-27,Booking,8796,7
2024-03-26,FNB,49643,34
2024-03-26,Retail,190311,67
2024-03-26,Booking,8817,9
2024-03-25,FNB,49632,28
2024-03-25,Retail,190411,29
2024-03-25,Booking,8832,3
2024-03-24,FNB,49612,33
2024-03-24,Retail,190616,48
2024-03-24,Booking,8839,5
2024-03-23,Retail,190774,52
2024-03-23,FNB,49557,31
2024-03-23,Booking,8825,5
2024-03-22,Retail,190870,79
2024-03-22,FNB,49550,28
2024-03-22,Booking,8860,12
2024-03-21,FNB,49538,81
2024-03-21,Booking,8849,21
2024-03-21,Retail,191006,131
2024-03-20,FNB,49551,86
2024-03-20,Retail,190726,117
2024-03-20,Booking,8837,7
2024-03-19,Retail,190609,117
2024-03-19,Booking,8848,15
2024-03-19,FNB,49548,69
2024-03-18,Booking,8858,7
2024-03-18,Retail,190559,60
2024-03-18,FNB,49515,28
2024-03-17,Booking,8855,10
2024-03-17,Retail,190767,67
2024-03-17,FNB,49508,50
2024-03-16,Retail,190865,101
2024-03-16,FNB,49515,60
2024-03-16,Booking,8855,3
2024-03-15,Retail,190932,89
2024-03-15,Booking,8865,7
2024-03-15,FNB,49490,60
2024-03-14,Retail,190949,124
2024-03-14,FNB,49472,67
2024-03-14,Booking,8853,9
2024-03-13,FNB,49440,74
2024-03-13,Retail,191032,134
2024-03-13,Booking,8860,7
2024-03-12,Booking,8856,9
2024-03-12,Retail,190760,117
2024-03-12,FNB,49393,60
2024-03-11,FNB,49367,21
2024-03-11,Booking,8851,5
2024-03-11,Retail,190638,50
2024-03-10,FNB,49326,45
2024-03-10,Booking,8837,5
2024-03-10,Retail,190734,81
2024-03-09,Booking,8832,12
2024-03-09,FNB,49247,65
2024-03-09,Retail,190781,114
2024-03-08,Retail,190720,122
2024-03-08,FNB,49166,60
2024-03-08,Booking,8815,12
2024-03-07,Retail,190681,129
2024-03-07,FNB,49118,83
2024-03-07,Booking,8812,9
2024-03-06,Booking,8805,12
2024-03-06,FNB,49087,50
2024-03-06,Retail,190667,129
2024-03-05,Booking,8782,10
2024-03-05,Retail,190378,141
2024-03-05,FNB,49020,105
2024-03-04,Retail,190075,65
2024-03-04,FNB,49003,29
2024-03-03,Booking,8791,5
2024-03-03,FNB,48970,28
2024-03-03,Retail,190227,91
2024-03-02,Booking,8782,17
2024-03-02,Retail,190297,126
2024-03-02,FNB,48891,52
2024-03-01,FNB,48879,53
2024-03-01,Retail,190230,146
2024-03-01,Booking,8781,15
2024-02-29,Retail,190105,160
2024-02-29,FNB,48843,53
2024-02-29,Booking,8758,14
2024-02-28,FNB,48819,91
2024-02-28,Booking,8750,21
2024-02-28,Retail,189960,177
2024-02-27,Booking,8714,9
2024-02-27,Retail,189549,213
2024-02-27,FNB,48802,60
2024-02-26,Retail,189391,50
2024-02-26,FNB,48769,14
2024-02-26,Booking,8691,9
2024-02-25,Retail,189379,117
2024-02-25,FNB,48707,28
2024-02-25,Booking,8684,12
2024-02-24,FNB,48652,60
2024-02-24,Retail,189209,127
2024-02-24,Booking,8664,14
2024-02-23,Booking,8655,7
2024-02-23,FNB,48650,57
2024-02-23,Retail,188983,138
2024-02-22,Booking,8634,12
2024-02-22,FNB,48578,43
2024-02-22,Retail,188798,170
2024-02-21,FNB,48442,41
2024-02-21,Booking,8609,10
2024-02-21,Retail,188677,150
2024-02-20,Retail,188350,29
2024-02-20,Booking,8591,2
2024-02-20,FNB,48310,12
2024-02-19,Retail,188471,89
2024-02-19,Booking,8564,5
2024-02-19,FNB,48213,43
2024-02-18,FNB,48071,148
2024-02-18,Booking,8564,19
2024-02-18,Retail,188472,304
2024-02-17,Retail,188495,244
2024-02-17,FNB,47997,127
2024-02-17,Booking,8579,19
2024-02-16,FNB,47931,122
2024-02-16,Retail,188436,213
2024-02-16,Booking,8547,21
2024-02-15,Booking,8545,19
2024-02-15,FNB,47917,107
2024-02-15,Retail,188337,194
2024-02-14,Retail,188376,239
2024-02-14,FNB,47857,83
2024-02-14,Booking,8536,17
2024-02-13,Retail,188237,198
2024-02-13,Booking,8533,19
2024-02-13,FNB,47830,98
2024-02-12,Booking,8526,3
2024-02-12,Retail,188199,83
2024-02-12,FNB,47745,46
2024-02-11,Booking,8509,9
2024-02-11,Retail,188376,136
2024-02-11,FNB,47673,69
2024-02-10,FNB,47541,96
2024-02-10,Retail,188411,158
2024-02-10,Booking,8495,17
2024-02-09,FNB,47500,100
2024-02-09,Booking,8492,17
2024-02-09,Retail,188479,186
2024-02-08,FNB,47426,115
2024-02-08,Booking,8486,15
2024-02-08,Retail,188414,169
2024-02-07,Retail,188364,206
2024-02-07,FNB,47424,83
2024-02-07,Booking,8468,17
2024-02-06,Retail,188104,174
2024-02-06,FNB,47384,77
2024-02-06,Booking,8454,12
2024-02-05,FNB,47338,46
2024-02-05,Retail,187869,89
2024-02-05,Booking,8426,9
2024-02-04,Booking,8414,9
2024-02-04,FNB,47271,86
2024-02-04,Retail,187941,153
2024-02-03,Booking,8385,14
2024-02-03,FNB,47192,89
2024-02-03,Retail,187925,189
2024-02-02,Booking,8383,22
2024-02-02,Retail,187839,167
2024-02-02,FNB,47143,74
2024-02-01,Retail,187781,177
2024-02-01,Booking,8375,14
2024-02-01,FNB,47121,77
2024-01-31,Retail,187661,289
2024-01-31,FNB,47039,115
2024-01-31,Booking,8359,28
2024-01-30,Booking,8345,14
2024-01-30,Retail,187420,206
2024-01-30,FNB,46965,81
2024-01-29,Retail,187306,100
2024-01-29,FNB,46928,28
2024-01-29,Booking,8318,15
2024-01-28,FNB,46889,60
2024-01-28,Booking,8306,15
2024-01-28,Retail,187401,129
2024-01-27,Booking,8268,12
2024-01-27,FNB,46782,77
2024-01-27,Retail,187358,172
2024-01-26,Retail,187301,165
2024-01-26,FNB,46753,60
2024-01-26,Booking,8242,26
2024-01-25,Retail,187237,182
2024-01-25,Booking,8225,24
2024-01-25,FNB,46707,83
2024-01-24,FNB,46638,53
2024-01-24,Booking,8222,15
2024-01-24,Retail,187150,139
2024-01-23,Booking,8201,24
2024-01-23,Retail,186699,215
2024-01-23,FNB,46545,71
2024-01-22,FNB,46454,14
2024-01-22,Retail,186500,67
2024-01-22,Booking,8165,9
2024-01-21,Retail,186493,83
2024-01-21,Booking,8149,7
2024-01-21,FNB,46356,53
2024-01-20,Retail,186565,136
2024-01-20,Booking,8137,12
2024-01-20,FNB,46297,53
2024-01-19,Retail,186470,304
2024-01-19,FNB,46249,157
2024-01-19,Booking,8129,34
2024-01-18,Booking,8105,26
2024-01-18,FNB,46213,120
2024-01-18,Retail,186410,292
2024-01-17,FNB,46127,86
2024-01-17,Booking,8086,21
2024-01-17,Retail,186328,258
2024-01-16,Booking,8084,10
2024-01-16,Retail,186114,208
2024-01-16,FNB,46091,96
2024-01-15,FNB,46089,45
2024-01-15,Booking,8082,12
2024-01-15,Retail,185978,108
2024-01-14,FNB,46098,53
2024-01-14,Booking,8075,10
2024-01-14,Retail,186111,172
2024-01-13,FNB,46094,84
2024-01-13,Booking,8063,22
2024-01-13,Retail,186104,212
2024-01-12,FNB,46025,69
2024-01-12,Retail,186070,230
2024-01-12,Booking,8032,19
2024-01-11,Retail,186070,169
2024-01-11,FNB,45957,72
2024-01-11,Booking,8015,14
2024-01-10,FNB,45917,72
2024-01-10,Booking,8020,31
2024-01-10,Retail,186104,196
2024-01-09,Retail,185877,203
2024-01-09,FNB,45817,101
2024-01-09,Booking,7996,29
2024-01-08,FNB,45771,26
2024-01-08,Retail,185774,93
2024-01-08,Booking,7983,9
2024-01-07,Retail,185719,108
2024-01-07,FNB,45749,57
2024-01-07,Booking,7983,15
2024-01-06,Retail,185700,148
2024-01-06,Booking,7955,28
2024-01-06,FNB,45721,72
2024-01-05,FNB,45663,69
2024-01-05,Retail,185595,182
2024-01-05,Booking,7938,17
2024-01-04,Booking,7933,21
2024-01-04,FNB,45595,65
2024-01-04,Retail,185514,187
2024-01-03,FNB,45577,72
2024-01-03,Retail,185371,200
2024-01-03,Booking,7907,21
2024-01-02,Booking,7890,21
2024-01-02,FNB,45508,93
2024-01-02,Retail,185177,177
2024-01-01,Booking,7883,15
2024-01-01,Retail,184969,76
2024-01-01,FNB,45458,33
